<scheme name="Monochromatic-code Light" version="142" parent_scheme="Darcula">
  <option name="FONT_SCALE" value="1.0" />
  <metaInfo>
    <property name="created">2023-02-17T13:24:16</property>
    <property name="description">Monochromatic-code light syntax highlighting color scheme by Aquaticat.

      Only 5 colors were used:

        #ffffff pure white
        #c0c0c0 light gray
        #808080 gray
        #404040 dark gray
        #000000 black

      Only seeing these five colors while coding have reduced my eye strain. I hope it would help with other people's eye problems, too.

      Website of the color scheme: https://code.monochromatic.dev/ (inaccessible as of 2023FEB17)

      Repo of the color scheme: https://github.com/Aquaticat/monochromatic-code/ (no readme as of 2023FEB17)
      </property>
    <property name="ide">idea</property>
    <property name="ideVersion">2023.1.0.0</property>
    <property name="modified">2023-02-17T13:29:08</property>
    <property name="originalScheme">Monochromatic-code Light</property>
    <property name="vendorMail">contact@aquati.cat</property>
    <property name="vendorName">Aquaticat</property>
    <property name="vendorUrl">https://aquati.cat</property>
    <property name="version">0.0.15</property>
  </metaInfo>
  <option name="LINE_SPACING" value="1.3" />
  <font>
    <option name="EDITOR_FONT_NAME" value="JetBrains Mono" />
    <option name="EDITOR_FONT_SIZE" value="13" />
  </font>
  <font>
    <option name="EDITOR_FONT_NAME" value="Noto Mono" />
    <option name="EDITOR_FONT_SIZE" value="13" />
  </font>
  <option name="EDITOR_LIGATURES" value="true" />
  <console-font>
    <option name="EDITOR_FONT_NAME" value="JetBrains Mono" />
    <option name="EDITOR_FONT_SIZE" value="13" />
  </console-font>
  <console-font>
    <option name="EDITOR_FONT_NAME" value="Noto Mono" />
    <option name="EDITOR_FONT_SIZE" value="13" />
  </console-font>
  <option name="CONSOLE_LIGATURES" value="true" />
  <colors>
    <option name="ADDED_LINES_COLOR" value="0" />
    <option name="ANNOTATIONS_COLOR" value="404040" />
    <option name="ANNOTATIONS_LAST_COMMIT_COLOR" value="0" />
    <option name="ActionButton.iconTextForeground" value="ffffff" />
    <option name="Bookmark.Mnemonic.iconBackground" value="0" />
    <option name="Bookmark.Mnemonic.iconBorderColor" value="e0861f" />
    <option name="Bookmark.Mnemonic.iconForeground" value="ffffff" />
    <option name="Bookmark.iconBackground" value="e0861f" />
    <option name="CARET_COLOR" value="0" />
    <option name="CARET_ROW_COLOR" value="ffffff" />
    <option name="CONSOLE_BACKGROUND_KEY" value="ffffff" />
    <option name="DELETED_LINES_COLOR" value="0" />
    <option name="DIFF_SEPARATOR_WAVE" value="808080" />
    <option name="DOCUMENTATION_COLOR" value="ffffff" />
    <option name="DOC_COMMENT_GUIDE" value="c0c0c0" />
    <option name="DOC_COMMENT_LINK" value="404040" />
    <option name="ERROR_HINT" value="ffffff" />
    <option name="FILESTATUS_ADDED" value="62cc47" />
    <option name="FILESTATUS_COPIED" value="62cc47" />
    <option name="FILESTATUS_DELETED" value="ed864a" />
    <option name="FILESTATUS_IDEA_FILESTATUS_DELETED_FROM_FILE_SYSTEM" value="ed864a" />
    <option name="FILESTATUS_IDEA_FILESTATUS_IGNORED" value="a9b837" />
    <option name="FILESTATUS_IDEA_FILESTATUS_MERGED_WITH_BOTH_CONFLICTS" value="ff6666" />
    <option name="FILESTATUS_IDEA_FILESTATUS_MERGED_WITH_CONFLICTS" value="ff6666" />
    <option name="FILESTATUS_IDEA_FILESTATUS_MERGED_WITH_PROPERTY_CONFLICTS" value="ff6666" />
    <option name="FILESTATUS_MERGED" value="ed94ff" />
    <option name="FILESTATUS_MODIFIED" value="4ff0ff" />
    <option name="FILESTATUS_NOT_CHANGED_IMMEDIATE" value="4ff0ff" />
    <option name="FILESTATUS_NOT_CHANGED_RECURSIVE" value="4ff0ff" />
    <option name="FILESTATUS_RENAMED" value="4ff0ff" />
    <option name="FILESTATUS_addedOutside" value="62cc47" />
    <option name="FILESTATUS_changelistConflict" value="ff6666" />
    <option name="FILESTATUS_modifiedOutside" value="4ff0ff" />
    <option name="FOLDED_TEXT_BORDER_COLOR" value="ffffff" />
    <option name="GUTTER_BACKGROUND" value="131314" />
    <option name="HINT_BORDER" value="404040" />
    <option name="IGNORED_ADDED_LINES_BORDER_COLOR" value="0" />
    <option name="IGNORED_DELETED_LINES_BORDER_COLOR" value="0" />
    <option name="IGNORED_MODIFIED_LINES_BORDER_COLOR" value="c0c0c0" />
    <option name="IMAGES_BACKGROUND" value="808080" />
    <option name="IMAGES_GRID_LINE_COLOR" value="0" />
    <option name="IMAGES_WHITE_CELL_COLOR" value="404040" />
    <option name="INDENT_GUIDE" value="c0c0c0" />
    <option name="INFORMATION_HINT" value="ffffff" />
    <option name="INLINE_REFACTORING_SETTINGS_DEFAULT" value="c0c0c080" />
    <option name="INLINE_REFACTORING_SETTINGS_FOCUSED" value="80808080" />
    <option name="INLINE_REFACTORING_SETTINGS_HOVERED" value="80808080" />
    <option name="LINE_NUMBERS_COLOR" value="808080" />
    <option name="LINE_NUMBER_ON_CARET_ROW_COLOR" value="404040" />
    <option name="LOOKUP_COLOR" value="ffffff" />
    <option name="MATCHED_BRACES_INDENT_GUIDE_COLOR" value="c0c0c0" />
    <option name="METHOD_SEPARATORS_COLOR" value="c0c0c0" />
    <option name="MODIFIED_LINES_COLOR" value="c0c0c0" />
    <option name="MODIFIED_TAB_ICON" value="404040" />
    <option name="NOTIFICATION_BACKGROUND" value="ffffff" />
    <option name="PROMOTION_PANE" value="ffffff" />
    <option name="QUESTION_HINT" value="ffffff" />
    <option name="RECENT_LOCATIONS_SELECTION" value="ffffff" />
    <option name="RECURSIVE_CALL_ATTRIBUTES" value="b4c738" />
    <option name="RIGHT_MARGIN_COLOR" value="c0c0c0" />
    <option name="SELECTED_INDENT_GUIDE" value="808080" />
    <option name="SELECTED_TEARLINE_COLOR" value="404040" />
    <option name="SELECTION_BACKGROUND" value="0" />
    <option name="SELECTION_FOREGROUND" value="ffffff" />
    <option name="SOFT_WRAP_SIGN_COLOR" value="c0c0c0" />
    <option name="STRING_CONTENT_INDENT_GUIDE" value="54b33e" />
    <option name="ScrollBar.Mac.Transparent.hoverThumbBorderColor" value="0" />
    <option name="ScrollBar.Mac.Transparent.hoverThumbColor" value="ffffffbe" />
    <option name="ScrollBar.Mac.Transparent.hoverTrackColor" value="e6e6e65a" />
    <option name="ScrollBar.Mac.Transparent.thumbBorderColor" value="0" />
    <option name="ScrollBar.Mac.Transparent.thumbColor" value="ffffffbe" />
    <option name="ScrollBar.Mac.Transparent.trackColor" value="e6e6e65a" />
    <option name="ScrollBar.Mac.hoverThumbBorderColor" value="0" />
    <option name="ScrollBar.Mac.hoverThumbColor" value="ffffffbe" />
    <option name="ScrollBar.Mac.hoverTrackColor" value="0" />
    <option name="ScrollBar.Mac.thumbBorderColor" value="0" />
    <option name="ScrollBar.Mac.thumbColor" value="ffffffbe" />
    <option name="ScrollBar.Mac.trackColor" value="0" />
    <option name="ScrollBar.Transparent.hoverThumbBorderColor" value="0" />
    <option name="ScrollBar.Transparent.hoverThumbColor" value="80808080" />
    <option name="ScrollBar.Transparent.hoverTrackColor" value="ffffff80" />
    <option name="ScrollBar.Transparent.thumbBorderColor" value="0" />
    <option name="ScrollBar.Transparent.thumbColor" value="c0c0c080" />
    <option name="ScrollBar.Transparent.trackColor" value="ffffff" />
    <option name="ScrollBar.background" value="0" />
    <option name="ScrollBar.hoverThumbBorderColor" value="0" />
    <option name="ScrollBar.hoverThumbColor" value="808080" />
    <option name="ScrollBar.hoverTrackColor" value="ffffff" />
    <option name="ScrollBar.thumbBorderColor" value="0" />
    <option name="ScrollBar.thumbColor" value="c0c0c0" />
    <option name="ScrollBar.trackColor" value="ffffff" />
    <option name="TEARLINE_COLOR" value="c0c0c0" />
    <option name="TOOLTIP" value="ffffff" />
    <option name="VCS_ANNOTATIONS_COLOR_1" value="ffffff" />
    <option name="VCS_ANNOTATIONS_COLOR_2" value="c0c0c0" />
    <option name="VCS_ANNOTATIONS_COLOR_3" value="c0ffff" />
    <option name="VCS_ANNOTATIONS_COLOR_4" value="ffc0ff" />
    <option name="VCS_ANNOTATIONS_COLOR_5" value="ffffc0" />
    <option name="VISUAL_INDENT_GUIDE" value="c0c0c0" />
    <option name="WARNING_HINT" value="ffffff" />
    <option name="WHITESPACES" value="ffffff" />
    <option name="WHITESPACES_MODIFIED_LINES_COLOR" value="c0c0c0" />
  </colors>
  <attributes>
    <option name="ANNOTATION_ATTRIBUTE_NAME_ATTRIBUTES" baseAttributes="DEFAULT_METADATA" />
    <option name="ANNOTATION_NAME_ATTRIBUTES" baseAttributes="DEFAULT_METADATA" />
    <option name="APACHE_CONFIG.IDENTIFIER">
      <value>
        <option name="FONT_TYPE" value="1" />
      </value>
    </option>
    <option name="BAD_CHARACTER">
      <value>
        <option name="EFFECT_COLOR" value="0" />
        <option name="EFFECT_TYPE" value="2" />
      </value>
    </option>
    <option name="BASH.EXTERNAL_COMMAND" baseAttributes="DEFAULT_IDENTIFIER" />
    <option name="BASH.KEYWORD">
      <value>
        <option name="FOREGROUND" value="404040" />
        <option name="FONT_TYPE" value="1" />
      </value>
    </option>
    <option name="BOOKMARKS_ATTRIBUTES">
      <value />
    </option>
    <option name="BREADCRUMBS_CURRENT">
      <value>
        <option name="FOREGROUND" value="ffffff" />
        <option name="BACKGROUND" value="0" />
      </value>
    </option>
    <option name="BREADCRUMBS_DEFAULT">
      <value>
        <option name="FOREGROUND" value="ffffff" />
      </value>
    </option>
    <option name="BREADCRUMBS_HOVERED">
      <value>
        <option name="FOREGROUND" value="ffffff" />
        <option name="BACKGROUND" value="404040" />
      </value>
    </option>
    <option name="BREADCRUMBS_INACTIVE">
      <value>
        <option name="FOREGROUND" value="808080" />
      </value>
    </option>
    <option name="BREAKPOINT_ATTRIBUTES">
      <value>
        <option name="BACKGROUND" value="c0c0c0" />
        <option name="ERROR_STRIPE_COLOR" value="c0c0c0" />
      </value>
    </option>
    <option name="CODE_LENS_BORDER_COLOR">
      <value>
        <option name="EFFECT_COLOR" value="404040" />
      </value>
    </option>
    <option name="CONSOLE_BLACK_OUTPUT">
      <value>
        <option name="FOREGROUND" value="0" />
      </value>
    </option>
    <option name="CONSOLE_BLUE_BRIGHT_OUTPUT">
      <value>
        <option name="FOREGROUND" value="4080ff" />
      </value>
    </option>
    <option name="CONSOLE_BLUE_OUTPUT">
      <value>
        <option name="FOREGROUND" value="c0" />
      </value>
    </option>
    <option name="CONSOLE_CYAN_BRIGHT_OUTPUT">
      <value>
        <option name="FOREGROUND" value="c0c0" />
      </value>
    </option>
    <option name="CONSOLE_CYAN_OUTPUT">
      <value>
        <option name="FOREGROUND" value="8080" />
      </value>
    </option>
    <option name="CONSOLE_DARKGRAY_OUTPUT">
      <value>
        <option name="FOREGROUND" value="404040" />
      </value>
    </option>
    <option name="CONSOLE_ERROR_OUTPUT">
      <value>
        <option name="FOREGROUND" value="0" />
        <option name="EFFECT_COLOR" value="0" />
        <option name="EFFECT_TYPE" value="2" />
      </value>
    </option>
    <option name="CONSOLE_GRAY_OUTPUT">
      <value>
        <option name="FOREGROUND" value="808080" />
        <option name="BACKGROUND" value="ffffff" />
      </value>
    </option>
    <option name="CONSOLE_GREEN_BRIGHT_OUTPUT">
      <value>
        <option name="FOREGROUND" value="c000" />
      </value>
    </option>
    <option name="CONSOLE_GREEN_OUTPUT">
      <value>
        <option name="FOREGROUND" value="8000" />
      </value>
    </option>
    <option name="CONSOLE_MAGENTA_BRIGHT_OUTPUT">
      <value>
        <option name="FOREGROUND" value="ff00ff" />
      </value>
    </option>
    <option name="CONSOLE_MAGENTA_OUTPUT">
      <value>
        <option name="FOREGROUND" value="8000c0" />
      </value>
    </option>
    <option name="CONSOLE_NORMAL_OUTPUT">
      <value>
        <option name="FOREGROUND" value="404040" />
      </value>
    </option>
    <option name="CONSOLE_RANGE_TO_EXECUTE">
      <value>
        <option name="FONT_TYPE" value="2" />
      </value>
    </option>
    <option name="CONSOLE_RED_BRIGHT_OUTPUT">
      <value>
        <option name="FOREGROUND" value="ff0000" />
      </value>
    </option>
    <option name="CONSOLE_RED_OUTPUT">
      <value>
        <option name="FOREGROUND" value="c00000" />
      </value>
    </option>
    <option name="CONSOLE_SYSTEM_OUTPUT">
      <value>
        <option name="FOREGROUND" value="404040" />
      </value>
    </option>
    <option name="CONSOLE_USER_INPUT">
      <value>
        <option name="FOREGROUND" value="0" />
        <option name="FONT_TYPE" value="3" />
      </value>
    </option>
    <option name="CONSOLE_WHITE_OUTPUT">
      <value>
        <option name="FOREGROUND" value="c0c0c0" />
      </value>
    </option>
    <option name="CONSOLE_YELLOW_BRIGHT_OUTPUT">
      <value>
        <option name="FOREGROUND" value="ffc000" />
      </value>
    </option>
    <option name="CONSOLE_YELLOW_OUTPUT">
      <value>
        <option name="FOREGROUND" value="c08000" />
      </value>
    </option>
    <option name="CSS.COLOR">
      <value />
    </option>
    <option name="CSS.FUNCTION">
      <value>
        <option name="FOREGROUND" value="0" />
        <option name="FONT_TYPE" value="3" />
      </value>
    </option>
    <option name="CSS.IMPORTANT">
      <value>
        <option name="FONT_TYPE" value="3" />
        <option name="EFFECT_COLOR" value="0" />
        <option name="EFFECT_TYPE" value="4" />
      </value>
    </option>
    <option name="CSS.KEYWORD">
      <value />
    </option>
    <option name="CSS.PSEUDO">
      <value>
        <option name="FOREGROUND" value="0" />
        <option name="FONT_TYPE" value="3" />
      </value>
    </option>
    <option name="CSS.UNICODE.RANGE">
      <value>
        <option name="FOREGROUND" value="0" />
      </value>
    </option>
    <option name="CSS.URL">
      <value>
        <option name="FOREGROUND" value="0" />
        <option name="EFFECT_COLOR" value="404040" />
        <option name="EFFECT_TYPE" value="1" />
      </value>
    </option>
    <option name="CTRL_CLICKABLE">
      <value>
        <option name="EFFECT_COLOR" value="808080" />
        <option name="EFFECT_TYPE" value="1" />
      </value>
    </option>
    <option name="CUSTOM_KEYWORD1_ATTRIBUTES" baseAttributes="DEFAULT_KEYWORD" />
    <option name="CUSTOM_KEYWORD2_ATTRIBUTES">
      <value>
        <option name="FOREGROUND" value="800080" />
        <option name="FONT_TYPE" value="1" />
      </value>
    </option>
    <option name="CUSTOM_KEYWORD3_ATTRIBUTES">
      <value>
        <option name="FOREGROUND" value="8080" />
        <option name="FONT_TYPE" value="1" />
      </value>
    </option>
    <option name="CUSTOM_KEYWORD4_ATTRIBUTES">
      <value>
        <option name="FOREGROUND" value="804000" />
        <option name="FONT_TYPE" value="1" />
        <option name="EFFECT_TYPE" value="1" />
      </value>
    </option>
    <option name="CUSTOM_STRING_ATTRIBUTES" baseAttributes="DEFAULT_STRING" />
    <option name="CUSTOM_VALID_STRING_ESCAPE_ATTRIBUTES" baseAttributes="DEFAULT_VALID_STRING_ESCAPE" />
    <option name="CodeWithMe.USER_1_MARKER">
      <value>
        <option name="FOREGROUND" value="0" />
        <option name="BACKGROUND" value="c0c0c0" />
        <option name="FONT_TYPE" value="1" />
      </value>
    </option>
    <option name="CodeWithMe.USER_1_SELECTION">
      <value>
        <option name="FOREGROUND" value="ffffff" />
        <option name="BACKGROUND" value="0" />
      </value>
    </option>
    <option name="CodeWithMe.USER_2_MARKER">
      <value>
        <option name="FOREGROUND" value="313131" />
        <option name="BACKGROUND" value="3985a1" />
        <option name="FONT_TYPE" value="1" />
      </value>
    </option>
    <option name="CodeWithMe.USER_2_SELECTION">
      <value>
        <option name="FOREGROUND" value="ffffff" />
        <option name="BACKGROUND" value="436571" />
      </value>
    </option>
    <option name="CodeWithMe.USER_3_MARKER">
      <value>
        <option name="FOREGROUND" value="313131" />
        <option name="BACKGROUND" value="a76570" />
        <option name="FONT_TYPE" value="1" />
      </value>
    </option>
    <option name="CodeWithMe.USER_3_SELECTION">
      <value>
        <option name="FOREGROUND" value="ffffff" />
        <option name="BACKGROUND" value="714950" />
      </value>
    </option>
    <option name="CodeWithMe.USER_4_MARKER">
      <value>
        <option name="FOREGROUND" value="313131" />
        <option name="BACKGROUND" value="806ea6" />
        <option name="FONT_TYPE" value="1" />
      </value>
    </option>
    <option name="CodeWithMe.USER_4_SELECTION">
      <value>
        <option name="FOREGROUND" value="ffffff" />
        <option name="BACKGROUND" value="50416e" />
      </value>
    </option>
    <option name="CodeWithMe.USER_5_MARKER">
      <value>
        <option name="FOREGROUND" value="313131" />
        <option name="BACKGROUND" value="a24e26" />
        <option name="FONT_TYPE" value="1" />
      </value>
    </option>
    <option name="CodeWithMe.USER_5_SELECTION">
      <value>
        <option name="FOREGROUND" value="ffffff" />
        <option name="BACKGROUND" value="734c3a" />
      </value>
    </option>
    <option name="CodeWithMe.USER_6_MARKER">
      <value>
        <option name="FOREGROUND" value="313131" />
        <option name="BACKGROUND" value="a47a36" />
        <option name="FONT_TYPE" value="1" />
      </value>
    </option>
    <option name="CodeWithMe.USER_6_SELECTION">
      <value>
        <option name="FOREGROUND" value="ffffff" />
        <option name="BACKGROUND" value="76623f" />
      </value>
    </option>
    <option name="DART_CLASS">
      <value />
    </option>
    <option name="DART_KEYWORD">
      <value>
        <option name="FOREGROUND" value="0" />
      </value>
    </option>
    <option name="DART_LOCAL_FUNCTION_DECLARATION">
      <value>
        <option name="FONT_TYPE" value="3" />
      </value>
    </option>
    <option name="DART_LOCAL_FUNCTION_REFERENCE">
      <value>
        <option name="FONT_TYPE" value="3" />
      </value>
    </option>
    <option name="DART_LOCAL_VARIABLE_REFERENCE">
      <value />
    </option>
    <option name="DART_TOP_LEVEL_GETTER_REFERENCE">
      <value />
    </option>
    <option name="DART_TYPE_NAME_DYNAMIC">
      <value>
        <option name="FOREGROUND" value="0" />
      </value>
    </option>
    <option name="DART_TYPE_PARAMETER">
      <value />
    </option>
    <option name="DART_UNRESOLVED_INSTANCE_MEMBER_REFERENCE">
      <value>
        <option name="FONT_TYPE" value="1" />
        <option name="EFFECT_COLOR" value="0" />
        <option name="ERROR_STRIPE_COLOR" value="0" />
        <option name="EFFECT_TYPE" value="2" />
      </value>
    </option>
    <option name="DEBUGGER_INLINED_VALUES">
      <value>
        <option name="FOREGROUND" value="404040" />
        <option name="FONT_TYPE" value="2" />
      </value>
    </option>
    <option name="DEBUGGER_INLINED_VALUES_EXECUTION_LINE">
      <value>
        <option name="FOREGROUND" value="0" />
        <option name="FONT_TYPE" value="2" />
      </value>
    </option>
    <option name="DEBUGGER_INLINED_VALUES_MODIFIED">
      <value>
        <option name="FOREGROUND" value="404040" />
        <option name="FONT_TYPE" value="3" />
        <option name="EFFECT_COLOR" value="808080" />
        <option name="EFFECT_TYPE" value="5" />
      </value>
    </option>
    <option name="DEBUGGER_SMART_STEP_INTO_SELECTION" baseAttributes="LIVE_TEMPLATE_ATTRIBUTES" />
    <option name="DEBUGGER_SMART_STEP_INTO_TARGET" baseAttributes="SEARCH_RESULT_ATTRIBUTES" />
    <option name="DEFAULT_ATTRIBUTE">
      <value>
        <option name="FOREGROUND" value="404040" />
        <option name="FONT_TYPE" value="1" />
      </value>
    </option>
    <option name="DEFAULT_BLOCK_COMMENT">
      <value>
        <option name="FOREGROUND" value="404040" />
        <option name="FONT_TYPE" value="2" />
      </value>
    </option>
    <option name="DEFAULT_BRACES">
      <value>
        <option name="FOREGROUND" value="404040" />
      </value>
    </option>
    <option name="DEFAULT_BRACKETS">
      <value>
        <option name="FOREGROUND" value="404040" />
      </value>
    </option>
    <option name="DEFAULT_CLASS_REFERENCE" baseAttributes="DEFAULT_IDENTIFIER" />
    <option name="DEFAULT_COMMA">
      <value>
        <option name="FOREGROUND" value="404040" />
      </value>
    </option>
    <option name="DEFAULT_CONSTANT" baseAttributes="DEFAULT_IDENTIFIER" />
    <option name="DEFAULT_DOC_COMMENT">
      <value>
        <option name="FOREGROUND" value="404040" />
        <option name="FONT_TYPE" value="2" />
      </value>
    </option>
    <option name="DEFAULT_DOC_COMMENT_TAG">
      <value>
        <option name="FONT_TYPE" value="1" />
        <option name="EFFECT_TYPE" value="1" />
      </value>
    </option>
    <option name="DEFAULT_DOC_COMMENT_TAG_VALUE">
      <value>
        <option name="FOREGROUND" value="0" />
      </value>
    </option>
    <option name="DEFAULT_DOC_MARKUP">
      <value>
        <option name="FONT_TYPE" value="1" />
      </value>
    </option>
    <option name="DEFAULT_DOT">
      <value>
        <option name="FOREGROUND" value="404040" />
      </value>
    </option>
    <option name="DEFAULT_ENTITY">
      <value>
        <option name="FONT_TYPE" value="2" />
      </value>
    </option>
    <option name="DEFAULT_FUNCTION_CALL">
      <value>
        <option name="FONT_TYPE" value="3" />
      </value>
    </option>
    <option name="DEFAULT_FUNCTION_DECLARATION">
      <value>
        <option name="FONT_TYPE" value="3" />
      </value>
    </option>
    <option name="DEFAULT_GLOBAL_VARIABLE">
      <value />
    </option>
    <option name="DEFAULT_HIGHLIGHTED_REFERENCE">
      <value>
        <option name="EFFECT_COLOR" value="404040" />
        <option name="EFFECT_TYPE" value="1" />
      </value>
    </option>
    <option name="DEFAULT_IDENTIFIER">
      <value>
        <option name="FONT_TYPE" value="1" />
      </value>
    </option>
    <option name="DEFAULT_INSTANCE_FIELD" baseAttributes="DEFAULT_IDENTIFIER" />
    <option name="DEFAULT_INVALID_STRING_ESCAPE">
      <value>
        <option name="FONT_TYPE" value="2" />
        <option name="EFFECT_COLOR" value="0" />
        <option name="EFFECT_TYPE" value="2" />
      </value>
    </option>
    <option name="DEFAULT_KEYWORD">
      <value>
        <option name="FOREGROUND" value="0" />
      </value>
    </option>
    <option name="DEFAULT_LINE_COMMENT">
      <value>
        <option name="FOREGROUND" value="404040" />
        <option name="FONT_TYPE" value="2" />
      </value>
    </option>
    <option name="DEFAULT_LOCAL_VARIABLE">
      <value />
    </option>
    <option name="DEFAULT_METADATA">
      <value>
        <option name="FONT_TYPE" value="1" />
      </value>
    </option>
    <option name="DEFAULT_NUMBER">
      <value />
    </option>
    <option name="DEFAULT_OPERATION_SIGN">
      <value>
        <option name="FOREGROUND" value="404040" />
      </value>
    </option>
    <option name="DEFAULT_PARAMETER">
      <value />
    </option>
    <option name="DEFAULT_PARENTHS">
      <value>
        <option name="FOREGROUND" value="404040" />
      </value>
    </option>
    <option name="DEFAULT_REASSIGNED_LOCAL_VARIABLE">
      <value>
        <option name="EFFECT_COLOR" value="c0c0c0" />
        <option name="EFFECT_TYPE" value="5" />
      </value>
    </option>
    <option name="DEFAULT_REASSIGNED_PARAMETER">
      <value>
        <option name="EFFECT_COLOR" value="c0c0c0" />
        <option name="EFFECT_TYPE" value="5" />
      </value>
    </option>
    <option name="DEFAULT_SEMICOLON">
      <value>
        <option name="FOREGROUND" value="808080" />
      </value>
    </option>
    <option name="DEFAULT_STATIC_FIELD" baseAttributes="DEFAULT_IDENTIFIER" />
    <option name="DEFAULT_STATIC_METHOD" baseAttributes="DEFAULT_FUNCTION_DECLARATION" />
    <option name="DEFAULT_STRING">
      <value>
        <option name="FOREGROUND" value="0" />
      </value>
    </option>
    <option name="DEFAULT_TAG">
      <value>
        <option name="EFFECT_TYPE" value="5" />
      </value>
    </option>
    <option name="DEFAULT_TEMPLATE_LANGUAGE_COLOR">
      <value>
        <option name="EFFECT_COLOR" value="c0c0c0" />
        <option name="EFFECT_TYPE" value="1" />
      </value>
    </option>
    <option name="DEFAULT_VALID_STRING_ESCAPE">
      <value>
        <option name="FONT_TYPE" value="2" />
      </value>
    </option>
    <option name="DELETED_TEXT_ATTRIBUTES">
      <value>
        <option name="EFFECT_COLOR" value="808080" />
        <option name="EFFECT_TYPE" value="3" />
      </value>
    </option>
    <option name="DEPRECATED_ATTRIBUTES">
      <value>
        <option name="EFFECT_COLOR" value="c0c0c0" />
        <option name="EFFECT_TYPE" value="2" />
      </value>
    </option>
    <option name="DIFF_CONFLICT">
      <value>
        <option name="BACKGROUND" value="ff8080" />
        <option name="ERROR_STRIPE_COLOR" value="ff0000" />
      </value>
    </option>
    <option name="DIFF_DELETED">
      <value>
        <option name="BACKGROUND" value="c0c0c0" />
        <option name="ERROR_STRIPE_COLOR" value="808080" />
      </value>
    </option>
    <option name="DIFF_INSERTED">
      <value>
        <option name="BACKGROUND" value="c0ffc0" />
        <option name="ERROR_STRIPE_COLOR" value="c000" />
      </value>
    </option>
    <option name="DIFF_MODIFIED">
      <value>
        <option name="BACKGROUND" value="80c0ff" />
        <option name="ERROR_STRIPE_COLOR" value="80ff" />
      </value>
    </option>
    <option name="DOCKER_KEYWORD">
      <value>
        <option name="FOREGROUND" value="404040" />
        <option name="FONT_TYPE" value="3" />
      </value>
    </option>
    <option name="DUPLICATE_FROM_SERVER">
      <value>
        <option name="EFFECT_COLOR" value="c0c0c0" />
        <option name="EFFECT_TYPE" value="2" />
      </value>
    </option>
    <option name="ERRORS_ATTRIBUTES">
      <value>
        <option name="EFFECT_COLOR" value="0" />
        <option name="ERROR_STRIPE_COLOR" value="0" />
        <option name="EFFECT_TYPE" value="2" />
      </value>
    </option>
    <option name="EVALUATED_EXPRESSION_ATTRIBUTES">
      <value>
        <option name="BACKGROUND" value="c0c0c0" />
      </value>
    </option>
    <option name="EVALUATED_EXPRESSION_EXECUTION_LINE_ATTRIBUTES">
      <value>
        <option name="BACKGROUND" value="ffffff" />
      </value>
    </option>
    <option name="EXECUTIONPOINT_ATTRIBUTES">
      <value>
        <option name="BACKGROUND" value="c0c0c0" />
      </value>
    </option>
    <option name="FOLDED_TEXT_ATTRIBUTES">
      <value>
        <option name="BACKGROUND" value="c0c0c0" />
        <option name="FONT_TYPE" value="1" />
        <option name="EFFECT_COLOR" value="c0c0c0" />
      </value>
    </option>
    <option name="FOLLOWED_HYPERLINK_ATTRIBUTES">
      <value>
        <option name="EFFECT_COLOR" value="808080" />
        <option name="EFFECT_TYPE" value="1" />
      </value>
    </option>
    <option name="GENERIC_SERVER_ERROR_OR_WARNING">
      <value>
        <option name="EFFECT_COLOR" value="c0c0c0" />
        <option name="ERROR_STRIPE_COLOR" value="c0c0c0" />
        <option name="EFFECT_TYPE" value="2" />
      </value>
    </option>
    <option name="GHERKIN_REGEXP_PARAMETER">
      <value>
        <option name="FONT_TYPE" value="1" />
      </value>
    </option>
    <option name="GHERKIN_TABLE_CELL">
      <value />
    </option>
    <option name="GO_BUILTIN_CONSTANT" baseAttributes="DEFAULT_CONSTANT" />
    <option name="GO_BUILTIN_FUNCTION_CALL" baseAttributes="DEFAULT_FUNCTION_CALL" />
    <option name="GO_BUILTIN_TYPE_REFERENCE">
      <value />
    </option>
    <option name="GO_BUILTIN_VARIABLE" baseAttributes="DEFAULT_GLOBAL_VARIABLE" />
    <option name="GO_COMMENT_REFERENCE">
      <value>
        <option name="FOREGROUND" value="0" />
        <option name="FONT_TYPE" value="3" />
      </value>
    </option>
    <option name="GO_EXPORTED_FUNCTION_CALL" baseAttributes="DEFAULT_FUNCTION_CALL" />
    <option name="GO_KEYWORD">
      <value />
    </option>
    <option name="GO_LOCAL_FUNCTION_CALL" baseAttributes="DEFAULT_FUNCTION_CALL" />
    <option name="GO_METHOD_RECEIVER" baseAttributes="DEFAULT_LOCAL_VARIABLE" />
    <option name="GO_PACKAGE" baseAttributes="DEFAULT_IDENTIFIER" />
    <option name="GO_SHADOWING_VARIABLE" baseAttributes="DEFAULT_LOCAL_VARIABLE" />
    <option name="GO_TYPE_REFERENCE" baseAttributes="DEFAULT_CLASS_REFERENCE" />
    <option name="GQL_KEYWORD">
      <value>
        <option name="FOREGROUND" value="404040" />
        <option name="FONT_TYPE" value="3" />
      </value>
    </option>
    <option name="GRAMMAR_ERROR">
      <value>
        <option name="EFFECT_COLOR" value="c0c0c0" />
        <option name="EFFECT_TYPE" value="2" />
      </value>
    </option>
    <option name="GRAZIE_ADJECTIVE">
      <value>
        <option name="FOREGROUND" value="404040" />
      </value>
    </option>
    <option name="GRAZIE_ADVERB">
      <value>
        <option name="FOREGROUND" value="808080" />
        <option name="FONT_TYPE" value="1" />
      </value>
    </option>
    <option name="GRAZIE_CONJUNCTION">
      <value>
        <option name="FOREGROUND" value="0" />
        <option name="FONT_TYPE" value="2" />
      </value>
    </option>
    <option name="GRAZIE_NOUN">
      <value>
        <option name="FOREGROUND" value="0" />
        <option name="FONT_TYPE" value="1" />
      </value>
    </option>
    <option name="GRAZIE_VERB">
      <value>
        <option name="FOREGROUND" value="404040" />
        <option name="FONT_TYPE" value="3" />
      </value>
    </option>
    <option name="HAML_RUBY_CODE" baseAttributes="" />
    <option name="HANDLEBARS.ESCAPE">
      <value>
        <option name="FONT_TYPE" value="1" />
        <option name="EFFECT_TYPE" value="4" />
      </value>
    </option>
    <option name="HANDLEBARS.IDENTIFIERS">
      <value>
        <option name="FOREGROUND" value="0" />
        <option name="FONT_TYPE" value="1" />
      </value>
    </option>
    <option name="HCL.IDENTIFIER">
      <value />
    </option>
    <option name="HTML_ATTRIBUTE_NAME" baseAttributes="DEFAULT_ATTRIBUTE" />
    <option name="HTML_ATTRIBUTE_VALUE" baseAttributes="DEFAULT_STRING" />
    <option name="HTML_CUSTOM_TAG_NAME">
      <value>
        <option name="FONT_TYPE" value="1" />
        <option name="EFFECT_COLOR" value="0" />
        <option name="EFFECT_TYPE" value="1" />
      </value>
    </option>
    <option name="HTML_ENTITY_REFERENCE">
      <value>
        <option name="FONT_TYPE" value="2" />
      </value>
    </option>
    <option name="HTML_TAG" baseAttributes="DEFAULT_TAG" />
    <option name="HTML_TAG_NAME">
      <value>
        <option name="FOREGROUND" value="404040" />
        <option name="FONT_TYPE" value="1" />
      </value>
    </option>
    <option name="HTTP_REQUEST_KEYWORD">
      <value>
        <option name="FOREGROUND" value="404040" />
        <option name="FONT_TYPE" value="3" />
      </value>
    </option>
    <option name="HYPERLINK_ATTRIBUTES">
      <value>
        <option name="EFFECT_COLOR" value="808080" />
        <option name="EFFECT_TYPE" value="1" />
      </value>
    </option>
    <option name="IDENTIFIER_UNDER_CARET_ATTRIBUTES">
      <value>
        <option name="ERROR_STRIPE_COLOR" value="c0c0c0" />
        <option name="EFFECT_TYPE" value="1" />
      </value>
    </option>
    <option name="IGNORE.BRACKET">
      <value>
        <option name="FOREGROUND" value="0" />
        <option name="FONT_TYPE" value="1" />
      </value>
    </option>
    <option name="IGNORE.COMMENT">
      <value>
        <option name="FOREGROUND" value="404040" />
      </value>
    </option>
    <option name="IGNORE.HEADER">
      <value>
        <option name="FOREGROUND" value="0" />
        <option name="FONT_TYPE" value="1" />
        <option name="EFFECT_COLOR" value="0" />
        <option name="EFFECT_TYPE" value="4" />
      </value>
    </option>
    <option name="IGNORE.NEGATION">
      <value>
        <option name="FOREGROUND" value="0" />
        <option name="FONT_TYPE" value="1" />
      </value>
    </option>
    <option name="IGNORE.SECTION">
      <value>
        <option name="FOREGROUND" value="404040" />
        <option name="FONT_TYPE" value="1" />
      </value>
    </option>
    <option name="IGNORE.SLASH">
      <value>
        <option name="FOREGROUND" value="0" />
        <option name="FONT_TYPE" value="1" />
      </value>
    </option>
    <option name="IGNORE.SYNTAX">
      <value>
        <option name="FOREGROUND" value="0" />
        <option name="FONT_TYPE" value="3" />
      </value>
    </option>
    <option name="IGNORE.UNUSED_ENTRY">
      <value />
    </option>
    <option name="IGNORE.VALUE">
      <value>
        <option name="FOREGROUND" value="0" />
      </value>
    </option>
    <option name="IMPLICIT_ANONYMOUS_CLASS_PARAMETER_ATTRIBUTES" baseAttributes="CLASS_NAME_ATTRIBUTES" />
    <option name="INACTIVE_HYPERLINK_ATTRIBUTES">
      <value>
        <option name="EFFECT_COLOR" value="808080" />
        <option name="EFFECT_TYPE" value="1" />
      </value>
    </option>
    <option name="INFO_ATTRIBUTES">
      <value>
        <option name="EFFECT_COLOR" value="808080" />
        <option name="ERROR_STRIPE_COLOR" value="808080" />
        <option name="EFFECT_TYPE" value="2" />
      </value>
    </option>
    <option name="INI.SECTION">
      <value>
        <option name="FOREGROUND" value="0" />
        <option name="FONT_TYPE" value="1" />
        <option name="EFFECT_COLOR" value="0" />
      </value>
    </option>
    <option name="INJECTED_LANGUAGE_FRAGMENT">
      <value>
        <option name="EFFECT_COLOR" value="c0c0c0" />
      </value>
    </option>
    <option name="INLAY_DEFAULT">
      <value>
        <option name="FOREGROUND" value="808080" />
        <option name="BACKGROUND" value="ffffff" />
      </value>
    </option>
    <option name="INLAY_TEXT_WITHOUT_BACKGROUND">
      <value>
        <option name="FOREGROUND" value="808080" />
      </value>
    </option>
    <option name="INLINE_PARAMETER_HINT">
      <value>
        <option name="FOREGROUND" value="404040" />
        <option name="BACKGROUND" value="ffffff" />
      </value>
    </option>
    <option name="INLINE_PARAMETER_HINT_CURRENT">
      <value>
        <option name="FOREGROUND" value="0" />
        <option name="FONT_TYPE" value="1" />
      </value>
    </option>
    <option name="INLINE_PARAMETER_HINT_HIGHLIGHTED">
      <value>
        <option name="FOREGROUND" value="0" />
        <option name="BACKGROUND" value="ffffff" />
        <option name="FONT_TYPE" value="1" />
        <option name="EFFECT_COLOR" value="0" />
        <option name="EFFECT_TYPE" value="4" />
      </value>
    </option>
    <option name="INLINE_STACK_FRAMES">
      <value>
        <option name="BACKGROUND" value="c0c0c0" />
      </value>
    </option>
    <option name="JADE_FILE_PATH">
      <value>
        <option name="EFFECT_COLOR" value="404040" />
        <option name="EFFECT_TYPE" value="1" />
      </value>
    </option>
    <option name="JADE_FILTER_NAME" baseAttributes="DEFAULT_LABEL" />
    <option name="JADE_JS_BLOCK" baseAttributes="DEFAULT_IDENTIFIER" />
    <option name="JS.GLOBAL_FUNCTION" baseAttributes="DEFAULT_FUNCTION_DECLARATION" />
    <option name="JS.GLOBAL_VARIABLE" baseAttributes="DEFAULT_GLOBAL_VARIABLE" />
    <option name="JS.INSTANCE_MEMBER_FUNCTION" baseAttributes="DEFAULT_INSTANCE_METHOD" />
    <option name="JS.KEYWORD">
      <value>
        <option name="FOREGROUND" value="0" />
      </value>
    </option>
    <option name="JS.LOCAL_VARIABLE" baseAttributes="DEFAULT_LOCAL_VARIABLE" />
    <option name="JS.REGEXP">
      <value>
        <option name="FONT_TYPE" value="2" />
        <option name="EFFECT_COLOR" value="808080" />
        <option name="EFFECT_TYPE" value="5" />
      </value>
    </option>
    <option name="JSON.PROPERTY_KEY">
      <value>
        <option name="FOREGROUND" value="404040" />
        <option name="FONT_TYPE" value="1" />
      </value>
    </option>
    <option name="JSONPATH.CONTEXT">
      <value />
    </option>
    <option name="JSONPATH.IDENTIFIER">
      <value>
        <option name="FOREGROUND" value="404040" />
        <option name="FONT_TYPE" value="1" />
      </value>
    </option>
    <option name="JSP_DIRECTIVE_NAME" baseAttributes="DEFAULT_KEYWORD" />
    <option name="JUPYTER_INLINE_VALUES">
      <value>
        <option name="FOREGROUND" value="404040" />
        <option name="FONT_TYPE" value="3" />
      </value>
    </option>
    <option name="KOTLIN_BACKING_FIELD_VARIABLE">
      <value />
    </option>
    <option name="KOTLIN_BUILTIN_ANNOTATION">
      <value>
        <option name="FOREGROUND" value="404040" />
        <option name="FONT_TYPE" value="3" />
      </value>
    </option>
    <option name="KOTLIN_DYNAMIC_FUNCTION_CALL">
      <value>
        <option name="FONT_TYPE" value="2" />
      </value>
    </option>
    <option name="KOTLIN_DYNAMIC_PROPERTY_CALL">
      <value>
        <option name="FONT_TYPE" value="2" />
      </value>
    </option>
    <option name="KOTLIN_LABEL" baseAttributes="DEFAULT_LABEL" />
    <option name="KOTLIN_NAMED_ARGUMENT">
      <value>
        <option name="FONT_TYPE" value="1" />
      </value>
    </option>
    <option name="KOTLIN_SMART_CAST_RECEIVER">
      <value>
        <option name="FONT_TYPE" value="3" />
      </value>
    </option>
    <option name="KOTLIN_SMART_CAST_VALUE">
      <value>
        <option name="FONT_TYPE" value="1" />
      </value>
    </option>
    <option name="KOTLIN_SMART_CONSTANT">
      <value />
    </option>
    <option name="KOTLIN_TYPE_PARAMETER" baseAttributes="TYPE_PARAMETER_NAME_ATTRIBUTES" />
    <option name="LESS_VARIABLE">
      <value />
    </option>
    <option name="LINE_FULL_COVERAGE">
      <value>
        <option name="FOREGROUND" value="0" />
        <option name="FONT_TYPE" value="1" />
      </value>
    </option>
    <option name="LINE_NONE_COVERAGE">
      <value>
        <option name="FOREGROUND" value="808080" />
        <option name="FONT_TYPE" value="1" />
      </value>
    </option>
    <option name="LINE_PARTIAL_COVERAGE">
      <value>
        <option name="FOREGROUND" value="404040" />
        <option name="FONT_TYPE" value="1" />
      </value>
    </option>
    <option name="LIVE_TEMPLATE_ATTRIBUTES">
      <value>
        <option name="EFFECT_COLOR" value="0" />
        <option name="EFFECT_TYPE" value="5" />
      </value>
    </option>
    <option name="LIVE_TEMPLATE_INACTIVE_SEGMENT">
      <value>
        <option name="EFFECT_COLOR" value="808080" />
        <option name="EFFECT_TYPE" value="5" />
      </value>
    </option>
    <option name="LOG_DEBUG_OUTPUT">
      <value>
        <option name="FOREGROUND" value="404040" />
      </value>
    </option>
    <option name="LOG_ERROR_OUTPUT">
      <value>
        <option name="FOREGROUND" value="0" />
        <option name="FONT_TYPE" value="1" />
        <option name="EFFECT_COLOR" value="0" />
        <option name="EFFECT_TYPE" value="2" />
      </value>
    </option>
    <option name="LOG_EXPIRED_ENTRY">
      <value>
        <option name="FOREGROUND" value="404040" />
        <option name="EFFECT_COLOR" value="808080" />
        <option name="EFFECT_TYPE" value="3" />
      </value>
    </option>
    <option name="LOG_INFO_OUTPUT">
      <value />
    </option>
    <option name="LOG_VERBOSE_OUTPUT">
      <value>
        <option name="FOREGROUND" value="404040" />
      </value>
    </option>
    <option name="LOG_WARNING_OUTPUT">
      <value>
        <option name="FONT_TYPE" value="1" />
        <option name="EFFECT_COLOR" value="404040" />
        <option name="EFFECT_TYPE" value="2" />
      </value>
    </option>
    <option name="LOMBOK_CLEAN">
      <value>
        <option name="FONT_TYPE" value="3" />
      </value>
    </option>
    <option name="LOMBOK_KEY">
      <value>
        <option name="FOREGROUND" value="404040" />
        <option name="FONT_TYPE" value="1" />
      </value>
    </option>
    <option name="List/map to object conversion" baseAttributes="JAVA_NUMBER" />
    <option name="LiveLiteralsHighlightAttribute">
      <value>
        <option name="EFFECT_COLOR" value="c0c0c0" />
      </value>
    </option>
    <option name="MARKDOWN_BLOCK_QUOTE_MARKER">
      <value>
        <option name="FOREGROUND" value="808080" />
        <option name="FONT_TYPE" value="1" />
      </value>
    </option>
    <option name="MARKDOWN_CODE_SPAN">
      <value>
        <option name="FOREGROUND" value="0" />
        <option name="EFFECT_COLOR" value="c0c0c0" />
        <option name="EFFECT_TYPE" value="5" />
      </value>
    </option>
    <option name="MARKDOWN_HEADER_LEVEL_1">
      <value>
        <option name="FONT_TYPE" value="1" />
        <option name="EFFECT_COLOR" value="c0c0c0" />
      </value>
    </option>
    <option name="MARKDOWN_HEADER_LEVEL_2">
      <value>
        <option name="FONT_TYPE" value="1" />
        <option name="EFFECT_COLOR" value="c0c0c0" />
        <option name="ERROR_STRIPE_COLOR" value="c0c0c0" />
        <option name="EFFECT_TYPE" value="4" />
      </value>
    </option>
    <option name="MARKDOWN_HTML_BLOCK">
      <value>
        <option name="EFFECT_COLOR" value="808080" />
      </value>
    </option>
    <option name="MARKDOWN_INLINE_HTML">
      <value>
        <option name="EFFECT_COLOR" value="c0c0c0" />
        <option name="EFFECT_TYPE" value="5" />
      </value>
    </option>
    <option name="MARKDOWN_ITALIC_MARKER">
      <value>
        <option name="FOREGROUND" value="404040" />
        <option name="FONT_TYPE" value="3" />
      </value>
    </option>
    <option name="MARKDOWN_LINK_DESTINATION">
      <value>
        <option name="EFFECT_COLOR" value="404040" />
        <option name="EFFECT_TYPE" value="1" />
      </value>
    </option>
    <option name="MARKDOWN_LINK_TEXT">
      <value>
        <option name="EFFECT_TYPE" value="1" />
      </value>
    </option>
    <option name="MARKDOWN_STRIKE_THROUGH">
      <value>
        <option name="EFFECT_COLOR" value="404040" />
        <option name="EFFECT_TYPE" value="3" />
      </value>
    </option>
    <option name="MARKED_FOR_REMOVAL_ATTRIBUTES">
      <value>
        <option name="EFFECT_COLOR" value="c0c0c0" />
        <option name="EFFECT_TYPE" value="2" />
      </value>
    </option>
    <option name="MATCHED_BRACE_ATTRIBUTES">
      <value>
        <option name="FOREGROUND" value="404040" />
        <option name="FONT_TYPE" value="1" />
        <option name="EFFECT_COLOR" value="c0c0c0" />
      </value>
    </option>
    <option name="NG.EXPRESSIONS">
      <value>
        <option name="EFFECT_COLOR" value="c0c0c0" />
        <option name="EFFECT_TYPE" value="1" />
      </value>
    </option>
    <option name="NOT_TOP_FRAME_ATTRIBUTES">
      <value>
        <option name="BACKGROUND" value="404040" />
      </value>
    </option>
    <option name="NOT_USED_ELEMENT_ATTRIBUTES">
      <value>
        <option name="FOREGROUND" value="404040" />
        <option name="EFFECT_COLOR" value="404040" />
        <option name="EFFECT_TYPE" value="2" />
      </value>
    </option>
    <option name="PHP_CONSTANT" baseAttributes="DEFAULT_CONSTANT" />
    <option name="PHP_EXEC_COMMAND_ID">
      <value>
        <option name="EFFECT_COLOR" value="0" />
      </value>
    </option>
    <option name="PHP_KEYWORD">
      <value />
    </option>
    <option name="PHP_NAMED_ARGUMENT">
      <value>
        <option name="FONT_TYPE" value="2" />
      </value>
    </option>
    <option name="PHP_PARAMETER" baseAttributes="DEFAULT_PARAMETER" />
    <option name="PHP_VAR" baseAttributes="DEFAULT_LOCAL_VARIABLE" />
    <option name="PROPERTIES.INVALID_STRING_ESCAPE" baseAttributes="DEFAULT_INVALID_STRING_ESCAPE" />
    <option name="PROPERTIES.KEY">
      <value>
        <option name="FOREGROUND" value="404040" />
        <option name="FONT_TYPE" value="1" />
      </value>
    </option>
    <option name="PROTO_KEYWORD">
      <value />
    </option>
    <option name="PUPPET_KEYWORD">
      <value />
    </option>
    <option name="PY.BUILTIN_NAME" baseAttributes="DEFAULT_PREDEFINED_SYMBOL" />
    <option name="PY.KEYWORD">
      <value />
    </option>
    <option name="PY.KEYWORD_ARGUMENT" baseAttributes="DEFAULT_PARAMETER" />
    <option name="PY.PREDEFINED_DEFINITION" baseAttributes="DEFAULT_PREDEFINED_SYMBOL" />
    <option name="PY.PREDEFINED_USAGE" baseAttributes="DEFAULT_PREDEFINED_SYMBOL" />
    <option name="PY.STRING.B" baseAttributes="DEFAULT_STRING" />
    <option name="RDOC_EMAIL">
      <value>
        <option name="EFFECT_COLOR" value="404040" />
        <option name="EFFECT_TYPE" value="1" />
      </value>
    </option>
    <option name="RDOC_HEADINGS">
      <value>
        <option name="FONT_TYPE" value="1" />
        <option name="EFFECT_COLOR" value="808080" />
      </value>
    </option>
    <option name="RDOC_IDENTIFIER">
      <value />
    </option>
    <option name="RDOC_URL">
      <value>
        <option name="EFFECT_COLOR" value="404040" />
        <option name="EFFECT_TYPE" value="1" />
      </value>
    </option>
    <option name="REGEXP.BRACES" baseAttributes="DEFAULT_BRACES" />
    <option name="REGEXP.BRACKETS">
      <value>
        <option name="FOREGROUND" value="404040" />
      </value>
    </option>
    <option name="REGEXP.CHAR_CLASS" baseAttributes="DEFAULT_ENTITY" />
    <option name="REGEXP.ESC_CHARACTER" baseAttributes="DEFAULT_VALID_STRING_ESCAPE" />
    <option name="REGEXP.META" baseAttributes="DEFAULT_KEYWORD" />
    <option name="REGEXP.PARENTHS">
      <value>
        <option name="FOREGROUND" value="404040" />
        <option name="FONT_TYPE" value="3" />
      </value>
    </option>
    <option name="REGEXP.QUOTE_CHARACTER" baseAttributes="DEFAULT_VALID_STRING_ESCAPE" />
    <option name="REGEXP.REDUNDANT_ESCAPE">
      <value>
        <option name="FONT_TYPE" value="2" />
        <option name="EFFECT_COLOR" value="0" />
        <option name="EFFECT_TYPE" value="2" />
      </value>
    </option>
    <option name="REGEXP_MATCHED_GROUPS">
      <value>
        <option name="BACKGROUND" value="c0c0c0" />
      </value>
    </option>
    <option name="REST.FIXED">
      <value>
        <option name="FONT_TYPE" value="1" />
        <option name="EFFECT_COLOR" value="808080" />
        <option name="EFFECT_TYPE" value="5" />
      </value>
    </option>
    <option name="REST.INLINE" baseAttributes="DEFAULT_IDENTIFIER" />
    <option name="REST.INTERPRETED">
      <value>
        <option name="FONT_TYPE" value="1" />
        <option name="EFFECT_COLOR" value="808080" />
        <option name="EFFECT_TYPE" value="5" />
      </value>
    </option>
    <option name="REST.REF.NAME">
      <value>
        <option name="FOREGROUND" value="0" />
        <option name="EFFECT_COLOR" value="404040" />
        <option name="EFFECT_TYPE" value="1" />
      </value>
    </option>
    <option name="REST.SECTION.HEADER">
      <value>
        <option name="EFFECT_COLOR" value="c0c0c0" />
      </value>
    </option>
    <option name="RHTML_COMMENT_ID" baseAttributes="HTML_COMMENT" />
    <option name="RHTML_EXPRESSION_END_ID" baseAttributes="XML_TAG_NAME" />
    <option name="RHTML_EXPRESSION_START_ID" baseAttributes="XML_TAG_NAME" />
    <option name="RHTML_OMIT_NEW_LINE_ID" baseAttributes="XML_ATTRIBUTE_NAME" />
    <option name="RHTML_SCRIPTING_BACKGROUND_ID" baseAttributes="XML_TAG_NAME" />
    <option name="RHTML_SCRIPTLET_END_ID" baseAttributes="XML_TAG_NAME" />
    <option name="RHTML_SCRIPTLET_START_ID" baseAttributes="XML_TAG_NAME" />
    <option name="RMARKDOWN_CHUNK">
      <value />
    </option>
    <option name="RUBY_BAD_CHARACTER" baseAttributes="BAD_CHARACTER" />
    <option name="RUBY_COMMENT" baseAttributes="DEFAULT_DOC_COMMENT" />
    <option name="RUBY_CONSTANT_DECLARATION" baseAttributes="DEFAULT_CONSTANT" />
    <option name="RUBY_GVAR" baseAttributes="DEFAULT_GLOBAL_VARIABLE" />
    <option name="RUBY_HEREDOC_CONTENT">
      <value>
        <option name="FOREGROUND" value="0" />
        <option name="BACKGROUND" value="ffffff" />
        <option name="FONT_TYPE" value="2" />
        <option name="EFFECT_TYPE" value="5" />
      </value>
    </option>
    <option name="RUBY_HEREDOC_ID">
      <value>
        <option name="FONT_TYPE" value="2" />
      </value>
    </option>
    <option name="RUBY_KEYWORD">
      <value />
    </option>
    <option name="RUBY_LINE_CONTINUATION">
      <value>
        <option name="EFFECT_COLOR" value="c0c0c0" />
        <option name="EFFECT_TYPE" value="5" />
      </value>
    </option>
    <option name="RUBY_LOCAL_VAR_ID" baseAttributes="DEFAULT_LOCAL_VARIABLE" />
    <option name="RUBY_METHOD_NAME" baseAttributes="DEFAULT_INSTANCE_METHOD" />
    <option name="RUBY_NTH_REF" baseAttributes="DEFAULT_PREDEFINED_SYMBOL" />
    <option name="RUBY_NUMBER" baseAttributes="DEFAULT_NUMBER" />
    <option name="RUBY_PARAMDEF_CALL" baseAttributes="DEFAULT_STATIC_METHOD" />
    <option name="RUBY_PARAMETER_ID" baseAttributes="DEFAULT_PARAMETER" />
    <option name="RUBY_SPECIFIC_CALL" baseAttributes="DEFAULT_STATIC_METHOD" />
    <option name="RUBY_SYMBOL" baseAttributes="DEFAULT_INSTANCE_FIELD" />
    <option name="RUBY_WORDS" baseAttributes="DEFAULT_STRING" />
    <option name="RUNTIME_ERROR">
      <value>
        <option name="EFFECT_COLOR" value="808080" />
        <option name="ERROR_STRIPE_COLOR" value="808080" />
        <option name="EFFECT_TYPE" value="2" />
      </value>
    </option>
    <option name="R_FUNCTION_CALL" baseAttributes="DEFAULT_FUNCTION_CALL" />
    <option name="R_NAMED_ARGUMENT" baseAttributes="DEFAULT_IDENTIFIER" />
    <option name="SASS_COMMENT" baseAttributes="CSS.COMMENT" />
    <option name="SASS_KEYWORD">
      <value />
    </option>
    <option name="SASS_MIXIN">
      <value />
    </option>
    <option name="SASS_VARIABLE" baseAttributes="DEFAULT_INSTANCE_FIELD" />
    <option name="SEARCH_RESULT_ATTRIBUTES">
      <value>
        <option name="FOREGROUND" value="0" />
        <option name="BACKGROUND" value="ffffff" />
        <option name="EFFECT_COLOR" value="0" />
        <option name="ERROR_STRIPE_COLOR" value="0" />
      </value>
    </option>
    <option name="SPY-JS.EXCEPTION">
      <value>
        <option name="BACKGROUND" value="260003" />
        <option name="EFFECT_TYPE" value="2" />
      </value>
    </option>
    <option name="SPY-JS.EXECUTION_TIME">
      <value>
        <option name="FOREGROUND" value="aaff" />
        <option name="FONT_TYPE" value="1" />
      </value>
    </option>
    <option name="SPY-JS.FUNCTION_SCOPE">
      <value>
        <option name="BACKGROUND" value="1233" />
        <option name="EFFECT_TYPE" value="2" />
      </value>
    </option>
    <option name="SPY-JS.PATH_LEVEL_ONE">
      <value>
        <option name="BACKGROUND" value="153811" />
        <option name="EFFECT_TYPE" value="2" />
      </value>
    </option>
    <option name="SPY-JS.PATH_LEVEL_TWO">
      <value>
        <option name="EFFECT_COLOR" value="cccccc" />
        <option name="EFFECT_TYPE" value="1" />
      </value>
    </option>
    <option name="SPY-JS.PROGRAM_SCOPE">
      <value>
        <option name="BACKGROUND" value="1233" />
        <option name="EFFECT_TYPE" value="2" />
      </value>
    </option>
    <option name="STATIC_METHOD_ATTRIBUTES" baseAttributes="DEFAULT_STATIC_METHOD" />
    <option name="Scala Keyword">
      <value />
    </option>
    <option name="TDIFF_FUZZY_MATCHED">
      <value>
        <option name="BACKGROUND" value="c0c0c0" />
        <option name="FONT_TYPE" value="1" />
        <option name="EFFECT_COLOR" value="0" />
      </value>
    </option>
    <option name="TEMPLATE_VARIABLE_ATTRIBUTES">
      <value />
    </option>
    <option name="TERMINAL_COMMAND_TO_RUN_USING_IDE">
      <value>
        <option name="FOREGROUND" value="0" />
        <option name="FONT_TYPE" value="1" />
      </value>
    </option>
    <option name="TEXT">
      <value>
        <option name="FOREGROUND" value="0" />
        <option name="BACKGROUND" value="ffffff" />
        <option name="EFFECT_TYPE" value="5" />
      </value>
    </option>
    <option name="TEXT_SEARCH_RESULT_ATTRIBUTES">
      <value>
        <option name="BACKGROUND" value="ffffff" />
        <option name="EFFECT_COLOR" value="0" />
        <option name="ERROR_STRIPE_COLOR" value="c0c0c0" />
      </value>
    </option>
    <option name="TEXT_STYLE_ERROR">
      <value>
        <option name="EFFECT_COLOR" value="404040" />
        <option name="EFFECT_TYPE" value="2" />
      </value>
    </option>
    <option name="TEXT_STYLE_SUGGESTION">
      <value>
        <option name="EFFECT_COLOR" value="c0c0c0" />
        <option name="EFFECT_TYPE" value="2" />
      </value>
    </option>
    <option name="TEXT_STYLE_WARNING">
      <value>
        <option name="EFFECT_COLOR" value="808080" />
        <option name="EFFECT_TYPE" value="2" />
      </value>
    </option>
    <option name="TODO_DEFAULT_ATTRIBUTES">
      <value>
        <option name="FOREGROUND" value="404040" />
        <option name="FONT_TYPE" value="2" />
        <option name="ERROR_STRIPE_COLOR" value="404040" />
      </value>
    </option>
    <option name="TS.TYPE_GUARD">
      <value>
        <option name="EFFECT_COLOR" value="c0c0c0" />
        <option name="EFFECT_TYPE" value="4" />
      </value>
    </option>
    <option name="TS.TYPE_PARAMETER">
      <value>
        <option name="FONT_TYPE" value="3" />
      </value>
    </option>
    <option name="TYPE_PARAMETER_NAME_ATTRIBUTES">
      <value>
        <option name="FONT_TYPE" value="3" />
      </value>
    </option>
    <option name="TYPO">
      <value>
        <option name="EFFECT_COLOR" value="404040" />
        <option name="EFFECT_TYPE" value="2" />
      </value>
    </option>
    <option name="UNMATCHED_BRACE_ATTRIBUTES">
      <value>
        <option name="EFFECT_COLOR" value="0" />
        <option name="EFFECT_TYPE" value="2" />
      </value>
    </option>
    <option name="VELOCITY_DIRECTIVE" baseAttributes="JSP_DIRECTIVE_NAME" />
    <option name="VELOCITY_KEYWORD">
      <value />
    </option>
    <option name="VELOCITY_REFERENCE" baseAttributes="JSP_ATTRIBUTE_NAME" />
    <option name="VELOCITY_SCRIPTING_BACKGROUND" baseAttributes="JSP_SCRIPTING_BACKGROUND" />
    <option name="WARNING_ATTRIBUTES">
      <value>
        <option name="EFFECT_COLOR" value="404040" />
        <option name="ERROR_STRIPE_COLOR" value="404040" />
        <option name="EFFECT_TYPE" value="2" />
      </value>
    </option>
    <option name="WRITE_IDENTIFIER_UNDER_CARET_ATTRIBUTES">
      <value>
        <option name="EFFECT_COLOR" value="808080" />
        <option name="ERROR_STRIPE_COLOR" value="808080" />
      </value>
    </option>
    <option name="WRITE_SEARCH_RESULT_ATTRIBUTES">
      <value>
        <option name="FOREGROUND" value="ffffff" />
        <option name="BACKGROUND" value="0" />
        <option name="FONT_TYPE" value="1" />
        <option name="EFFECT_COLOR" value="404040" />
        <option name="ERROR_STRIPE_COLOR" value="0" />
      </value>
    </option>
    <option name="WRONG_REFERENCES_ATTRIBUTES">
      <value>
        <option name="FONT_TYPE" value="1" />
        <option name="EFFECT_COLOR" value="0" />
        <option name="EFFECT_TYPE" value="2" />
      </value>
    </option>
    <option name="XML_ATTRIBUTE_NAME">
      <value>
        <option name="FOREGROUND" value="0" />
        <option name="FONT_TYPE" value="1" />
      </value>
    </option>
    <option name="XML_CUSTOM_TAG_NAME">
      <value>
        <option name="FOREGROUND" value="404040" />
        <option name="FONT_TYPE" value="1" />
        <option name="EFFECT_COLOR" value="404040" />
        <option name="EFFECT_TYPE" value="1" />
      </value>
    </option>
    <option name="XML_ENTITY_REFERENCE" baseAttributes="DEFAULT_ENTITY" />
    <option name="XML_NS_PREFIX">
      <value>
        <option name="FONT_TYPE" value="3" />
      </value>
    </option>
    <option name="XML_PROLOGUE" baseAttributes="TEXT" />
    <option name="XML_TAG" baseAttributes="DEFAULT_TAG" />
    <option name="XML_TAG_NAME">
      <value>
        <option name="FOREGROUND" value="404040" />
        <option name="FONT_TYPE" value="1" />
      </value>
    </option>
    <option name="XPATH.FUNCTION" baseAttributes="DEFAULT_FUNCTION_CALL" />
    <option name="XPATH.KEYWORD">
      <value />
    </option>
    <option name="XPATH.XPATH_NAME" baseAttributes="TEXT" />
    <option name="XPATH.XPATH_VARIABLE" baseAttributes="DEFAULT_LOCAL_VARIABLE" />
    <option name="YAML_ANCHOR">
      <value>
        <option name="FONT_TYPE" value="3" />
      </value>
    </option>
    <option name="YAML_SCALAR_KEY">
      <value>
        <option name="FOREGROUND" value="404040" />
        <option name="FONT_TYPE" value="1" />
      </value>
    </option>
    <option name="com.plan9.IDENTIFIER" baseAttributes="DEFAULT_IDENTIFIER" />
    <option name="com.plan9.INSTRUCTION" baseAttributes="DEFAULT_PREDEFINED_SYMBOL" />
    <option name="com.plan9.LABEL" baseAttributes="DEFAULT_LABEL" />
    <option name="com.plan9.PSEUDO_INSTRUCTION">
      <value>
        <option name="FONT_TYPE" value="3" />
      </value>
    </option>
    <option name="com.plan9.REGISTER">
      <value>
        <option name="FONT_TYPE" value="2" />
      </value>
    </option>
    <option name="org.rust.CFG_DISABLED_CODE">
      <value>
        <option name="EFFECT_COLOR" value="c0c0c0" />
      </value>
    </option>
    <option name="org.rust.FUNCTION_CALL" baseAttributes="DEFAULT_FUNCTION_CALL" />
    <option name="org.rust.KEYWORD">
      <value />
    </option>
    <option name="org.rust.KEYWORD_UNSAFE">
      <value>
        <option name="FOREGROUND" value="404040" />
        <option name="FONT_TYPE" value="1" />
        <option name="EFFECT_COLOR" value="c0c0c0" />
        <option name="ERROR_STRIPE_COLOR" value="808080" />
        <option name="EFFECT_TYPE" value="2" />
      </value>
    </option>
    <option name="org.rust.LIFETIME" baseAttributes="DEFAULT_IDENTIFIER" />
    <option name="org.rust.MACRO" baseAttributes="DEFAULT_IDENTIFIER" />
    <option name="org.rust.METHOD_CALL" baseAttributes="DEFAULT_FUNCTION_CALL" />
    <option name="org.rust.TYPE_PARAMETER">
      <value>
        <option name="FONT_TYPE" value="3" />
      </value>
    </option>
    <option name="org.rust.UNSAFE_CODE">
      <value>
        <option name="EFFECT_COLOR" value="c0c0c0" />
      </value>
    </option>
    <option name="org.toml.KEY">
      <value>
        <option name="FOREGROUND" value="404040" />
        <option name="FONT_TYPE" value="1" />
      </value>
    </option>
  </attributes>
</scheme>
